{"theta0": 8008.432727270589, "theta1": 22898.978551122796}